s_Object,s_Object_Type,s_Object_Format,s_Object_Prop_Count,s_Object_Prop_Ref_Count,s_Enum_List,s_Enum_Bool,s_Object_Prop_Names
"""Invoice_Update_Model""",Object,"""""",18,2,[],0,"[""invoice_date"",""client_id"",""abn_is_active"",""last_date_and_time_submitted_for_claim"",""date_and_time_authorised"",""invoice_total"",""vendor_id"",""crm_notes"",""id"",""tagIds"",""invoice_number"",""date_paid"",""abn_not_available"",""vendor_type"",""abn_on_receipt"",""authorised_by"",""abn_not_available_reason"",""notes""]"
"""UnCheckedInvoice_Model""",Object,"""""",3,0,[],0,"[""payment_batch_checking_record_ids"",""payment_batch_id"",""payment_batch_name""]"
"""SupportCoordinatorJoinClient_QueryOrderByType""",Integer,"""int32""",0,0,"[""0"",""1""]",1,[]
"""Staff_Ip_Access_Setting_Add_Model""",Object,"""""",3,0,[],0,"[""ip"",""staff_id"",""name""]"
"""ManualClaimModel""",Object,"""""",2,0,[],0,"[""paidAmount"",""paymentRequestNumber""]"
"""Vendor_QueryOrderByType""",Integer,"""int32""",0,0,"[""0"",""1"",""2"",""3""]",0,[]
"""PreferenceParticipantEmail_QueryOrderByType""",Integer,"""int32""",0,0,"[""0"",""1""]",1,[]
"""OpenMethodType""",Integer,"""int32""",0,0,"[""0"",""1"",""2""]",0,[]
"""InvoiceDocument_Add_Model_For_Vendor""",Object,"""""",3,0,[],0,"[""temp_file_id"",""file_name"",""invoice_id""]"
"""SystemSupportLimitation_Update_GroupItem""",Object,"""""",1,0,[],0,"[""ndis_support_item_id""]"
"""NDISSupportItemUnitOfMeasureType""",Integer,"""int32""",0,0,"[""10"",""11"",""12"",""13"",""14"",""20""]",0,[]
"""SystemSupportLimitation_Add_Group""",Object,"""""",3,1,[],0,"[""spend_limit"",""group_name"",""limit_type""]"
"""ResendStaffCodeModel""",Object,"""""",1,0,[],0,"[""staffId""]"
"""SuspenseItemType""",Integer,"""int32""",0,0,"[""0"",""1""]",1,[]
"""ClientStatementPreference_UpdateModel""",Object,"""""",5,0,[],0,"[""client_id"",""funding_balance"",""payment_activity"",""invoice_in_queue"",""payment_activity_details""]"
"""BulkPhone_VoiceMail_UpdateStatus""",Object,"""""",2,1,[],0,"[""status"",""ids""]"
"""Phone_VoiceMail_AppendNoteAndTag""",Object,"""""",4,1,[],0,"[""status"",""id"",""tagIds"",""note""]"
"""ClientPlanSupportArea_QueryOrderByType""",Integer,"""int32""",0,0,"[""0"",""1"",""2""]",0,[]
"""Import_Other_Provider_Clients_Model""",Object,"""""",2,1,[],0,"[""file_path"",""provider""]"
"""CRMSCNote_QueryOrderByType""",Integer,"""int32""",0,0,"[""0"",""1"",""2""]",0,[]
"""Reconciliation_Update_Model""",Object,"""""",15,0,[],0,"[""reconciliation_date"",""bankBalance"",""start_date"",""cancelled_invoiceitems"",""other_funds"",""id"",""gatewayBalance"",""miscAdjustment_Items"",""claim_ids"",""is_closed"",""gatewayBalanceNoRefund"",""ndis_funds"",""payment_batch_ids"",""notes"",""end_date""]"
"""PaymentBatchItem_QueryOrderByType""",Integer,"""int32""",0,0,"[""0"",""1""]",1,[]
"""ReconciliationClaim_ListParameter""",Object,"""""",5,0,[],0,"[""reconciliation_date"",""start_date"",""months_cover"",""claim_ids"",""end_date""]"
"""ClientApplicationSupportArea_Update_Model""",Object,"""""",4,1,[],0,"[""amount"",""application_id"",""management_type"",""ndis_support_area_id""]"
"""MailGuardQueryModel""",Object,"""""",6,0,[],0,"[""maxPerDay"",""status"",""account"",""port"",""password"",""serverAddress""]"
"""AddHighRiskSupportItemModel""",Object,"""""",2,0,[],0,"[""ndiS_Support_Item_Id"",""warning""]"
"""PreferenceClientEmail_Add_Model""",Object,"""""",8,0,[],0,"[""plan_ending_reminder_90_days"",""standing_authority_ending_reminder_7_day"",""plan_ending_reminder_60_days"",""invoice_authorisation_request"",""plan_ending_reminder_30_days"",""standing_authority_applied"",""new_standing_authority_created"",""invoice_has_been_processed""]"
"""Tag_Add_Model""",Object,"""""",7,0,[],0,"[""linkVoiceMail"",""description"",""tag_Name"",""is_Active"",""emailConnectorIds"",""staffId"",""color""]"
"""AddSuspenseItemModel""",Object,"""""",5,1,[],0,"[""amount"",""date"",""reconciliationId"",""description"",""type""]"
"""ClientAttachment_QueryOrderByType""",Integer,"""int32""",0,0,"[""0"",""1""]",1,[]
"""Claim_Create_Model""",Object,"""""",1,0,[],0,"[""invoice_item_ids""]"
"""StaffAccountStatusType""",Integer,"""int32""",0,0,"[""0"",""1""]",1,[]
"""Invoice_QuickUpload_UpdateTags_Model""",Object,"""""",2,0,[],0,"[""tag_ids"",""id""]"
"""ClientPlan_QueryOrderByType""",Integer,"""int32""",0,0,"[""0"",""1"",""2""]",0,[]
"""ClientPlanSupportItemLimitType""",Integer,"""int32""",0,0,"[""0"",""1""]",1,[]
"""EmailBulkMoveEmailModel""",Object,"""""",3,0,[],0,"[""connectorId"",""emailIdList"",""connectorIdNow""]"
"""AdminFee_AddModel""",Object,"""""",7,0,[],0,"[""support_item_id"",""support_end_date"",""support_start_date"",""unit_price"",""client_plan_id"",""quantity"",""clientId""]"
"""Invoice_UpdateBeforeSubmit_Item""",Object,"""""",3,0,[],0,"[""support_end_date"",""invoice_item_id"",""support_start_date""]"
"""VendorABNCheckModel""",Object,"""""",22,0,[],0,"[""accountNo"",""vendorName"",""phone"",""emailForReminttance"",""vendorId"",""bsb"",""ocrTemplate"",""authorisedLoginHolderEmail"",""addressSuburb"",""abn"",""accountName"",""addressNumber"",""transferReference"",""dateLastChecked"",""emailContact"",""authorisedLoginHolderPosition"",""authorisedLoginHolderMobileNumber"",""authorisedLoginHolderName"",""paymentMethod"",""addressState"",""addressPostCode"",""notes""]"
"""HolidayListModel""",Object,"""""",11,2,[],0,"[""start_time"",""date"",""to_time"",""from_time"",""id"",""state_id"",""description"",""phone_number"",""state_name"",""end_time"",""holiday_name""]"
"""SupportCoordinatorJoinClient_Update_Model""",Object,"""""",17,0,[],0,"[""client_id"",""otherrelationship"",""isInvoiceAuthorisor"",""plan_ending_reminder_90_days"",""authorised_date"",""isLinkParticipant"",""standing_authority_ending_reminder_7_day"",""plan_ending_reminder_60_days"",""invoice_authorisation_request"",""plan_ending_reminder_30_days"",""standing_authority_applied"",""id"",""new_standing_authority_created"",""relationship_id"",""monthly_statement"",""support_coordinator_id"",""invoice_has_been_processed""]"
"""ClientApplicationContact_Add_Model""",Object,"""""",10,0,[],0,"[""contact_number"",""other_relationship"",""invoice_authorisor"",""email"",""last_name"",""first_name"",""relationship_id"",""application_id"",""notes"",""title_id""]"
"""PermissionActionType""",Integer,"""int32""",0,0,"[""0"",""1"",""100"",""201"",""202"",""203"",""204"",""205"",""206"",""207"",""301"",""302"",""303"",""401"",""402"",""403"",""501"",""502"",""601"",""602"",""603"",""604"",""605"",""606"",""607"",""609"",""610"",""611"",""612"",""613"",""614"",""615"",""616"",""617"",""618"",""619"",""620"",""621"",""622"",""623"",""624"",""625"",""627"",""628"",""701"",""702"",""801"",""802"",""803"",""804"",""805"",""806"",""807"",""901"",""903"",""904"",""905"",""1000"",""1001"",""1002"",""1003"",""1004"",""1008"",""1009"",""1010"",""1011"",""1012"",""1020"",""1022"",""1023"",""2001"",""2002"",""2003"",""3001"",""3002"",""3003"",""3004"",""3005"",""3006"",""3007"",""3008"",""9001"",""9002"",""9003"",""9004"",""9005"",""9006"",""9007"",""9008"",""9009"",""9010"",""9011"",""9012"",""9013"",""9014"",""9015"",""9016"",""9017"",""12345"",""12346"",""12347"",""12348"",""12349"",""13000"",""13001"",""13002"",""20000"",""20001"",""20002"",""21000"",""21001"",""21002"",""21003"",""21004"",""21005"",""21006"",""21007"",""21008"",""21009"",""21010"",""21011"",""21012"",""21013"",""21014"",""21015"",""21016"",""21017"",""21018"",""99999""]",0,[]
"""UntoVendorDTO""",Object,"""""",2,0,[],0,"[""vendorId"",""tagIds""]"
"""AuthenticateUser""",Object,"""""",13,3,[],0,"[""agent_For_User_Display_Name"",""sc_Agent_For_User_Display_Name"",""agent_For_User_Username"",""email"",""sc_Agent_For_User_Role"",""agent_For_User_Id"",""id"",""displayName"",""userName"",""sc_Agent_For_User_Username"",""sc_Agent_For_User_Id"",""agent_For_User_Role"",""role""]"
"""PaymentBatch_Create_Model""",Object,"""""",1,0,[],0,"[""invoice_item_ids""]"
"""InvoiceStatusType""",Integer,"""int32""",0,0,"[""0"",""100"",""200"",""300"",""-50""]",0,[]
"""ClientBudgetType""",Integer,"""int32""",0,0,"[""0"",""1""]",1,[]
"""ChangeTagToInvoiceDTO""",Object,"""""",1,0,[],0,"[""invoiceList""]"
"""CRMNoteHistory_Add_Model""",Object,"""""",4,0,[],0,"[""note_appendedcontent"",""staff_id"",""note_updatedcontent"",""note_id""]"
"""Invoice_Add_Model""",Object,"""""",17,4,[],0,"[""invoice_date"",""client_id"",""abn_is_active"",""real_email_address"",""invoice_total"",""authorisation_Status"",""vendor_id"",""crm_notes"",""received_From_Email"",""invoice_number"",""abn_not_available"",""vendor_type"",""abn_on_receipt"",""abn_not_available_reason"",""creation_method"",""invoice_date_converted"",""notes""]"
"""CRMNote_Update_Model""",Object,"""""",6,1,[],0,"[""note_content"",""status"",""id"",""staff_id"",""note_title"",""isreminder""]"
"""VendorDomainAddModel""",Object,"""""",2,0,[],0,"[""domain_name"",""description""]"
"""Client_User_Update_Account_Password_Model""",Object,"""""",3,0,[],0,"[""client_id"",""old_password"",""password""]"
"""ClientPlanSupportLimitation_Update_GroupItem""",Object,"""""",1,0,[],0,"[""ndis_support_item_id""]"
"""ReportMethodType""",Integer,"""int32""",0,0,"[""0"",""1"",""2""]",0,[]
"""Email_Remove_OneTag""",Object,"""""",4,1,[],0,"[""logMsg"",""is_System"",""emailId"",""remove_Tag""]"
"""ChangeTagToClientDTO""",Object,"""""",1,0,[],0,"[""clientList""]"
"""Invoice_variance""",Integer,"""int32""",0,0,"[""0"",""1"",""2"",""3""]",0,[]
"""Update_Auto_Reply_Email_Setting_Model""",Object,"""""",3,1,[],0,"[""auto_reply_type"",""email"",""id""]"
"""Vendor_InvoiceItem_Add_Model""",Object,"""""",7,0,[],0,"[""support_end_date"",""support_start_date"",""ndis_support_item_id"",""unit_price"",""gst"",""invoice_id"",""quantity""]"
"""AddTeam""",Object,"""""",2,0,[],0,"[""staff_ids"",""teamName""]"
"""ClientPlanSupportArea_Merge_Model""",Object,"""""",5,2,[],0,"[""budget_type"",""client_plan_id"",""id"",""management_type"",""ndis_support_area_id""]"
"""Add_Auto_Reply_Email_Setting_Model""",Object,"""""",4,1,[],0,"[""auto_reply_type"",""email"",""auto_reply_count"",""id""]"
"""ChangeTagToVendorDTO""",Object,"""""",1,0,[],0,"[""vendorList""]"
"""UpdateStaffConnectorsModel""",Object,"""""",1,0,[],0,"[""selected_Ids""]"
"""SplitItemFromGroupDto""",Object,"""""",5,1,[],0,"[""is_system"",""client_plan_id"",""item_id"",""group_id"",""limit_type""]"
"""NDIS_Fund_Item""",Object,"""""",3,0,[],0,"[""claim_date"",""id"",""claim_amount""]"
"""FundSourceType""",Integer,"""int32""",0,0,"[""0"",""1""]",1,[]
"""GroupType""",Integer,"""int32""",0,0,"[""0"",""1""]",1,[]
"""ClientPlanSupportLimitation_Update_Item""",Object,"""""",5,1,[],0,"[""spend_limit"",""is_system"",""client_plan_id"",""id"",""limit_type""]"
"""TryToUnMatchDTO""",Object,"""""",1,0,[],0,"[""match_group_id""]"
"""EmailSourceType""",Integer,"""int32""",0,0,"[""0"",""1"",""2"",""3""]",0,[]
"""CRMInvoiceNote_Add_Model""",Object,"""""",16,0,[],0,"[""client_id"",""todoList"",""reminder_staff"",""provider_id"",""content"",""reminder_date"",""append"",""id"",""invoice_id"",""is_link_to_client"",""is_link_to_provider"",""is_link_to_sc"",""sc_id"",""isreminder"",""note_id"",""subject""]"
"""Invoice_Quick_Upload_Notes_Model""",Object,"""""",2,0,[],0,"[""id"",""notes""]"
"""NDISSupportItemPriceControlType""",Integer,"""int32""",0,0,"[""0"",""1"",""2""]",0,[]
"""CommEmailTemplateType""",Integer,"""int32""",0,0,"[""0"",""1"",""2"",""3"",""4""]",0,[]
"""Cancel_Claim_Model""",Object,"""""",1,0,[],0,"[""prn""]"
"""CRMNote_Todo_Model""",Object,"""""",3,1,[],0,"[""title"",""status"",""id""]"
"""ChangeClientDTO""",Object,"""""",2,0,[],0,"[""tagIds"",""client""]"
"""AdminFeeItem_SingleUpdateModel""",Object,"""""",8,1,[],0,"[""support_item_id"",""support_end_date"",""invoiceItemId"",""support_start_date"",""unit_price"",""quantity"",""invoice_Type"",""clientId""]"
"""Vendor_Generate_Statement_Model""",Object,"""""",3,0,[],0,"[""start_date"",""vendor_id"",""end_date""]"
"""AIOCRStatus""",Integer,"""int32""",0,0,"[""0"",""1"",""-1""]",0,[]
"""CRMNote_Add_Model""",Object,"""""",5,1,[],0,"[""note_content"",""status"",""staff_id"",""note_title"",""isreminder""]"
"""Update_Client_Password_Model""",Object,"""""",2,0,[],0,"[""old_password"",""password""]"
"""InvoiceClaimStatusType""",Integer,"""int32""",0,0,"[""0"",""100"",""200"",""300"",""400"",""500"",""-100"",""-50""]",0,[]
"""TagUpdateItem""",Object,"""""",3,0,[],0,"[""emailIds"",""tagName"",""tagId""]"
"""UpdateFundFileRecordModel""",Object,"""""",2,0,[],0,"[""ndis_no"",""id""]"
"""Email_Update_Type""",Object,"""""",5,0,[],0,"[""logMsg"",""is_System"",""emailType"",""typeName"",""emailId""]"
"""Update_Support_Coordiantor_Profile_Model""",Object,"""""",5,0,[],0,"[""contact_number"",""last_name"",""id"",""first_name"",""title_id""]"
"""Process_Split_Item_Model""",Object,"""""",2,0,[],0,"[""account_from_bank"",""payment_summary_split_id""]"
"""Client_Standing_Authority_Update_Model""",Object,"""""",11,1,[],0,"[""client_id"",""request_by_date"",""request_by"",""id"",""is_enabled"",""request_type"",""valid_months"",""is_limit"",""limit_amount"",""request_by_time"",""notes""]"
"""Client_User_Create_Account_Model""",Object,"""""",4,1,[],0,"[""client_id"",""status"",""username"",""password""]"
"""CheckedInvoice_Model""",Object,"""""",3,0,[],0,"[""payment_batch_checking_record_ids"",""payment_batch_id"",""payment_batch_name""]"
"""ApplySuspenseItemModel""",Object,"""""",2,0,[],0,"[""suspenseItemIds"",""reconciliationId""]"
"""InvoiceItem_Update_Model""",Object,"""""",10,0,[],0,"[""support_end_date"",""last_date_submitted_for_claim"",""support_start_date"",""ndis_support_item_id"",""total"",""unit_price"",""gst"",""id"",""invoice_id"",""quantity""]"
"""ReverseToModel""",Object,"""""",1,0,[],0,"[""id""]"
"""Invoice_QuickUpload_RemoveTag_Model""",Object,"""""",2,0,[],0,"[""id"",""tag_id""]"
"""Email_Update_Note""",Object,"""""",4,0,[],0,"[""logMsg"",""is_System"",""note"",""emailId""]"
"""ProviderNameType""",Integer,"""int32""",0,0,"[""0"",""1""]",1,[]
"""HighRiskSupportItem_ListParameter""",Object,"""""",7,1,[],0,"[""page"",""order_By"",""current_user_id"",""list_all"",""searchparams"",""is_deleted"",""page_size""]"
"""Payment_Summary_Upload_Result_Model""",Object,"""""",5,0,[],0,"[""file_name"",""payment_summary_split_id"",""file_path"",""state_id"",""cache_id""]"
"""AddGroup""",Object,"""""",4,0,[],0,"[""staff_Ids"",""types"",""groupName"",""team_Ids""]"
"""AIOCRSetting""",Object,"""""",5,0,[],0,"[""ruleName"",""scanExtraKeys"",""typeKey"",""id"",""scanKeys""]"
"""Update_Password_Model""",Object,"""""",2,0,[],0,"[""old_password"",""password""]"
"""UpdateLogonHourItemModel""",Object,"""""",5,4,[],0,"[""start_hours"",""end_hours"",""logonHours_setting_type"",""id"",""week""]"
"""Contact_Item""",Object,"""""",9,0,[],0,"[""contact_number"",""invoice_authorisor"",""email"",""last_name"",""other_realtionship"",""first_name"",""relationship_id"",""notes"",""title_id""]"
"""InvoiceAuthRemindHistory_QueryOrderByType""",Integer,"""int32""",0,0,"[""0"",""1""]",1,[]
"""UserStatusType""",Integer,"""int32""",0,0,"[""0"",""1"",""2""]",0,[]
"""AssignTagToVendoreDTO""",Object,"""""",2,0,[],0,"[""tagIds"",""vendorIds""]"
"""IdentityBase""",Object,"""""",0,0,[],0,[]
"""Client_User_Update_Account_Model""",Object,"""""",2,1,[],0,"[""registeredWay"",""id""]"
"""Staff_Update_Ip_Access_Type_Model""",Object,"""""",3,1,[],0,"[""allow_au_ips"",""id"",""ip_access_type""]"
"""ResendUserCodeModel""",Object,"""""",2,0,[],0,"[""userId"",""password""]"
"""SuspenseItemStatus""",Integer,"""int32""",0,0,"[""0"",""1""]",1,[]
"""RemoveAutoReplyEmailSettingCommand""",Object,"""""",10,2,[],0,"[""ip"",""occurredOn"",""action"",""validators"",""id"",""lock_BusinessIds"",""executeResult"",""operator"",""errors"",""logBusinessId""]"
"""OnePriceStateUpdateModel""",Object,"""""",7,1,[],0,"[""price_control"",""isValid"",""is_delete"",""price_guide_id"",""price"",""price_val"",""support_item_price_guide_id""]"
"""CRMNoteReminder_Update_Model""",Object,"""""",7,2,[],0,"[""source_type"",""reminder_date"",""id"",""staff_id"",""reminder_type"",""source_id"",""note_id""]"
"""RemoveTagToVendoreDTO""",Object,"""""",2,0,[],0,"[""tagIds"",""vendorIds""]"
"""AddSelectAnswer_Model""",Object,"""""",3,0,[],0,"[""is_correct"",""content"",""invoice_id""]"
"""ClientPlanTodoButtonType""",Integer,"""int32""",0,0,"[""0"",""1""]",1,[]
"""StaffRoleDefine_Add_Model""",Object,"""""",3,1,[],0,"[""role_name"",""permissions"",""notes""]"
"""CRMInvoiceNote_QueryOrderByType""",Integer,"""int32""",0,0,"[""0"",""1"",""2""]",0,[]
"""SuspendInvoiceCreationDateType""",Integer,"""int32""",0,0,"[""0"",""1"",""2""]",0,[]
"""CRMProviderNote_Add_Model""",Object,"""""",14,0,[],0,"[""client_id"",""todoList"",""is_link_to_invoice"",""reminder_staff"",""provider_id"",""content"",""reminder_date"",""append"",""id"",""invoice_id"",""is_link_to_client"",""isreminder"",""note_id"",""subject""]"
"""RefundStatus""",Integer,"""int32""",0,0,"[""0"",""1""]",1,[]
"""ClientRequestUserType""",Integer,"""int32""",0,0,"[""0"",""1"",""2""]",0,[]
"""ClientApplicationStatusType""",Integer,"""int32""",0,0,"[""0"",""1"",""2""]",0,[]
"""Vendor_InvoiceItem_Update_Model""",Object,"""""",8,0,[],0,"[""support_end_date"",""support_start_date"",""ndis_support_item_id"",""unit_price"",""gst"",""id"",""invoice_id"",""quantity""]"
"""ClientApplication_Upload_Files_Result_Item_For_Company_Portal""",Object,"""""",3,0,[],0,"[""file_name"",""key"",""file_id""]"
"""StaffStatusType""",Integer,"""int32""",0,0,"[""0"",""1""]",1,[]
"""Update_Myplace_Type_Model""",Object,"""""",4,1,[],0,"[""payment_summary_split_id"",""id"",""myplace_type"",""cache_id""]"
"""Staff_Update_Authorise_ByEmail_Model""",Object,"""""",8,1,[],0,"[""email_from_address"",""email_connector_id"",""email_received_date"",""date_and_time_authorised"",""authorisation_status"",""invoice_id"",""emailId"",""authorised_by""]"
"""LogonHoursSettingType""",Integer,"""int32""",0,0,"[""0"",""1"",""2""]",0,[]
"""CRMNoteType""",Integer,"""int32""",0,0,"[""0"",""1"",""2"",""3"",""4""]",0,[]
"""ModifyToOriginalTagModel""",Object,"""""",8,0,[],0,"[""connectorId"",""created_Time"",""created_By"",""updated_By"",""email_Id"",""updated_Time"",""is_QuickUpload"",""tag_Id""]"
"""ClientPlanSupportArea_Add_Model""",Object,"""""",13,3,[],0,"[""claim_limit"",""ndis_support_area_name"",""initial_amount"",""apply_claim_limit"",""budget_type"",""ndis_support_item_id"",""mark_quoterequired"",""client_plan_id"",""claim_limit_type"",""amount_spent"",""management_type"",""notes"",""ndis_support_area_id""]"
"""EmailConnector_Update_NavTagModel""",Object,"""""",3,0,[],0,"[""items"",""needSetDefaultTagId"",""emailConnectorId""]"
"""MiscAdjustment_Item""",Object,"""""",5,1,[],0,"[""misc_type"",""amount"",""id"",""description"",""misc_date""]"
"""RequiredAuthorisationReminderType""",Integer,"""int32""",0,0,"[""1"",""2"",""3"",""4"",""5""]",0,[]
"""AuthRoleType""",Integer,"""int32""",0,0,"[""0"",""1"",""2"",""80"",""99"",""-1""]",0,[]
"""ClientApplicationSupportArea_QueryOrderByType""",Integer,"""int32""",0,0,"[""0"",""1"",""2""]",0,[]
"""Client_Update_Model""",Object,"""""",41,4,[],0,"[""suspend_invoice_create_from"",""middle_name"",""can_receive_communication"",""register_method"",""phone"",""plan_manager_staff_id"",""date_of_birth"",""is_deceased"",""referral_source"",""suspend_invoice_creation_datetype"",""address_suburb"",""email"",""special_consideration"",""status"",""sendby_email"",""ndis_no"",""suspend_invoice_create_reason"",""referral"",""last_name"",""coordinators_count"",""sendby_mailout"",""id"",""suspend_invoice_create"",""state_id"",""exclude_auto_submit_invoice_from_ai_ocr"",""exclude_auto_create_invoice_from_ai_ocr"",""tagIds"",""first_name"",""preferred_name"",""address_street"",""other_family_members_with_mp"",""no_address"",""no_email"",""sendby_authorisedcoordinator"",""mobile"",""deceased_date"",""mandatory_2nd_check"",""address_state_id"",""notes"",""title_id"",""address_postcode""]"
"""CommSmsTemplateType""",Integer,"""int32""",0,0,"[""0"",""1"",""2"",""3"",""4""]",0,[]
"""RuleType""",Integer,"""int32""",0,0,"[""0"",""1"",""2"",""3"",""-1""]",0,[]
"""AutoReplyType""",Integer,"""int32""",0,0,"[""0"",""1""]",1,[]
"""CRMNoteReminder_QueryOrderByType""",Integer,"""int32""",0,0,"[""0"",""1"",""2""]",0,[]
"""SupportCoordinator_User_Update_Account_Password_Model""",Object,"""""",3,0,[],0,"[""old_password"",""support_coordinator_id"",""password""]"
"""TagGroupTypeEnum""",Integer,"""int32""",0,0,"[""0"",""1"",""2"",""3"",""4"",""5"",""6"",""7""]",0,[]
"""DownloadInvoice_Model""",Object,"""""",1,0,[],0,"[""ids""]"
"""CommEmailHistory_ListParameter""",Object,"""""",10,0,[],0,"[""start_date"",""page"",""comm_email_template_id"",""include60days"",""current_user_id"",""list_all"",""page_size"",""template_name"",""subject"",""end_date""]"
"""ClientApplicationAttachment_QueryOrderByType""",Integer,"""int32""",0,0,"[""0"",""1""]",1,[]
"""Vendor_User_Update_Account_Details_Model""",Object,"""""",4,2,[],0,"[""status"",""registeredWay"",""vendor_id"",""username""]"
"""CRMProviderNote_QueryOrderByType""",Integer,"""int32""",0,0,"[""0"",""1"",""2""]",0,[]
"""ScanEmailAttachmentModel""",Object,"""""",17,0,[],0,"[""receivedDate"",""isRescan"",""fileName"",""vendorId"",""supportoordinatorId"",""outlookReceivedDate"",""aiocrId"",""emailType"",""emailAttachmentId"",""isQuickUpload"",""invoiceQuickUploadId"",""emailId"",""filePath"",""emailConnectorId"",""clientId"",""importedDate"",""subject""]"
"""NEmailTemplate_Update_Model""",Object,"""""",4,0,[],0,"[""body"",""emailTemplateId"",""name"",""subject""]"
"""ClientContactRelationshipType_QueryOrderByType""",Integer,"""int32""",0,0,"[""0"",""1"",""2""]",0,[]
"""UpdateAvailableDatesCommand""",Object,"""""",13,2,[],0,"[""start_Date"",""ip"",""occurredOn"",""action"",""validators"",""id"",""lock_BusinessIds"",""executeResult"",""updateType"",""operator"",""errors"",""end_Date"",""logBusinessId""]"
"""AddSelectedInvoice_Model""",Object,"""""",3,0,[],0,"[""payment_batch_id"",""invoice_ids"",""payment_batch_name""]"
"""RemoveTagToClientDTO""",Object,"""""",2,0,[],0,"[""tagIds"",""clientIds""]"
"""LoginViewModel""",Object,"""""",3,0,[],0,"[""rememberme"",""username"",""password""]"
"""UntoTagToClientDTO""",Object,"""""",1,0,[],0,"[""clientList""]"
"""RequestNumber""",Object,"""""",3,0,[],0,"[""new_payment_number"",""invoice_item_id"",""cancel_payment_number""]"
"""Client_InvoiceItem_Update_Model""",Object,"""""",8,0,[],0,"[""support_end_date"",""support_start_date"",""ndis_support_item_id"",""unit_price"",""gst"",""id"",""invoice_id"",""quantity""]"
"""PaymentRemittance_QueryOrderByType""",Integer,"""int32""",0,0,"[""0"",""1""]",1,[]
"""SendCommSmsModel""",Object,"""""",9,0,[],0,"[""clientApplicationId"",""invoiceId"",""vendorId"",""coordinatorId"",""sms_Content"",""commSmsTemplateId"",""recipients"",""clientId"",""subject""]"
"""User_PasswordChange_Model""",Object,"""""",2,0,[],0,"[""token"",""password""]"
"""PaymentMethodType""",Integer,"""int32""",0,0,"[""0"",""1""]",1,[]
"""PaymentBatchRemittanceStatusType""",Integer,"""int32""",0,0,"[""0"",""5"",""10"",""99""]",0,[]
"""AIOCRSpecialRules_Update_Model""",Object,"""""",4,0,[],0,"[""ruleKeys"",""id"",""priority"",""ruleValues""]"
"""VendorStatusType""",Integer,"""int32""",0,0,"[""0"",""1""]",1,[]
"""ClientReferralType""",Integer,"""int32""",0,0,"[""0"",""1"",""2"",""3"",""4"",""5"",""6"",""7""]",0,[]
"""ChangeInvoiceDTO""",Object,"""""",2,0,[],0,"[""invoice"",""tagIds""]"
"""Payment_Summary_MyPlace_Type""",Integer,"""int32""",0,0,"[""0"",""1"",""2""]",0,[]
"""Update_Client_Profile_Model""",Object,"""""",13,0,[],0,"[""middle_name"",""phone"",""date_of_birth"",""address_suburb"",""ndis_no"",""last_name"",""id"",""first_name"",""address_street"",""mobile"",""address_state_id"",""title_id"",""address_postcode""]"
"""NDISSupportItem_Import_Model""",Object,"""""",3,0,[],0,"[""temp_file_id"",""file_name"",""is_force_import""]"
"""Global_CRMNote_ListParameter""",Object,"""""",21,2,[],0,"[""plan_manager"",""searchText"",""note_type"",""page"",""status"",""order_By"",""includeArchive"",""current_user_id"",""start_reminder_date"",""list_all"",""staff_id"",""end_created_date"",""note_value"",""recipient"",""is_ShowOverDueOnly"",""is_my_own_reminder"",""start_created_date"",""page_size"",""days_overdue"",""note_id"",""end_reminder_date""]"
"""Staff_Ip_Access_Setting_Update_Model""",Object,"""""",3,0,[],0,"[""ip"",""id"",""name""]"
"""VendorSupportItemNumberConversion_Add_Model""",Object,"""""",4,0,[],0,"[""vendorSupportItemNumberKeys"",""id"",""is_Deleted"",""vendorSupportItemNumberValues""]"
"""Phone_VoiceMail_UpdateStatus""",Object,"""""",2,1,[],0,"[""status"",""id""]"
"""PaymentBatch_Confirm_Payment_Model""",Object,"""""",2,0,[],0,"[""payment_creditors"",""payment_batch_id""]"
"""AIOCRMulitUpdateTagModel""",Object,"""""",4,0,[],0,"[""isAllAIOCR"",""tagList"",""ids"",""isRemove""]"
"""UpdateTagSetting""",Object,"""""",2,1,[],0,"[""tags"",""type""]"
"""PaymentBatch_QueryOrderByType""",Integer,"""int32""",0,0,"[""0"",""1""]",1,[]
"""ClientContactRelationshipType_Update_Model""",Object,"""""",4,0,[],0,"[""full_name"",""client_contact_relationship_type_id"",""sort_code"",""short_name""]"
"""Staff_Add_Model""",Object,"""""",18,2,[],0,"[""suburb"",""postcode"",""mark_Email_Attachment_Setting"",""phone"",""street"",""group_ids"",""chart_template_id"",""email"",""status"",""phone_agent"",""last_name"",""state_id"",""first_name"",""team_ids"",""staff_title"",""ip_access_type"",""phone_queue_arn"",""notes""]"
"""CRMSC_Add_Model""",Object,"""""",14,0,[],0,"[""client_id"",""todoList"",""is_link_to_invoice"",""reminder_staff"",""content"",""reminder_date"",""append"",""id"",""invoice_id"",""is_link_to_client"",""sc_id"",""isreminder"",""note_id"",""subject""]"
"""PhoneRecordingType""",Integer,"""int32""",0,0,"[""0"",""1"",""2""]",0,[]
"""RecipientEnumType""",Integer,"""int32""",0,0,"[""0"",""1"",""2"",""3"",""4"",""5"",""6""]",0,[]
"""UpdateGroup""",Object,"""""",4,0,[],0,"[""staff_Ids"",""types"",""groupName"",""team_Ids""]"
"""Reconciliation_Create_Model""",Object,"""""",14,0,[],0,"[""reconciliation_date"",""bankBalance"",""start_date"",""cancelled_invoiceitems"",""other_funds"",""gatewayBalance"",""miscAdjustment_Items"",""claim_ids"",""is_closed"",""gatewayBalanceNoRefund"",""ndis_funds"",""payment_batch_ids"",""notes"",""end_date""]"
"""StaffRole_Permission_Feature""",Object,"""""",2,1,[],0,"[""actions"",""feature""]"
"""Auth_Reminder_Mark_As_Sent_Model""",Object,"""""",2,1,[],0,"[""invoice_id"",""reminder_type""]"
"""NavTagItemUpdateModel""",Object,"""""",2,0,[],0,"[""order"",""tagId""]"
"""CRMProviderNote_Update_Model""",Object,"""""",14,0,[],0,"[""client_id"",""todoList"",""is_link_to_invoice"",""reminder_staff"",""provider_id"",""content"",""reminder_date"",""append"",""id"",""invoice_id"",""is_link_to_client"",""isreminder"",""note_id"",""subject""]"
"""Chart_Template_Deplicate""",Object,"""""",1,0,[],0,"[""id""]"
"""Document_Add_Model""",Object,"""""",6,1,[],0,"[""title"",""file_extension_name"",""file_size"",""file_path"",""id"",""noteType""]"
"""Update_Profile_Model""",Object,"""""",6,0,[],0,"[""suburb"",""postcode"",""phone"",""street"",""email"",""state_id""]"
"""PrnType""",Integer,"""int32""",0,0,"[""0"",""1""]",1,[]
"""ErrorAnswerInfo""",Object,"""""",3,0,[],0,"[""date"",""error_info"",""category""]"
"""TryToMatchDTO""",Object,"""""",2,0,[],0,"[""fund_File_Item_Ids"",""claim_Item_Result_Ids""]"
"""CRMNoteStatus""",Integer,"""int32""",0,0,"[""0"",""1"",""2""]",0,[]
"""CRMApplicantNote_QueryOrderByType""",Integer,"""int32""",0,0,"[""0"",""1"",""2""]",0,[]
"""ClientContact_QueryOrderByType""",Integer,"""int32""",0,0,"[""0"",""1""]",1,[]
"""Claim_Upload_Result_Model""",Object,"""""",3,0,[],0,"[""claim_id"",""temp_file_id"",""file_name""]"
"""Client_Standing_Authority_Add_Model""",Object,"""""",11,1,[],0,"[""client_id"",""request_by_date"",""request_by"",""is_enabled"",""request_type"",""valid_months"",""is_limit"",""limit_amount"",""request_by_time"",""request_by_name"",""notes""]"
"""MiscAdjustmentType""",Integer,"""int32""",0,0,"[""0"",""1""]",1,[]
"""ClientStatementStatusType""",Integer,"""int32""",0,0,"[""0"",""5"",""10"",""30"",""40""]",0,[]
"""ProxyLoginStaffModel""",Object,"""""",4,0,[],0,"[""client_id"",""vendor_id"",""staff_id"",""sc_id""]"
"""AssignTagToClientDTO""",Object,"""""",2,0,[],0,"[""tagIds"",""clientIds""]"
"""SupportCoordinator_User_Update_Account_Details_Model""",Object,"""""",3,1,[],0,"[""status"",""username"",""support_coordinator_id""]"
"""ClientPlanSupportItem_QueryOrderByType""",Integer,"""int32""",0,0,"[""0"",""1"",""2""]",0,[]
"""StaffRole_Permissions""",Object,"""""",1,0,[],0,"[""features""]"
"""Bcc_Receipt""",Object,"""""",1,0,[],0,"[""email""]"
"""Support_Area_Item""",Object,"""""",3,1,[],0,"[""support_area_id"",""amount"",""management_type""]"
"""QueryHighRiskModel""",Object,"""""",1,0,[],0,"[""ndiS_Support_Item_Ids""]"
"""Client_InvoiceItem_Add_Model""",Object,"""""",7,0,[],0,"[""support_end_date"",""support_start_date"",""ndis_support_item_id"",""unit_price"",""gst"",""invoice_id"",""quantity""]"
"""Phone_QueryOrderByType""",Integer,"""int32""",0,0,"[""0"",""1""]",1,[]
"""InvoiceDocument_QueryOrderByType""",Integer,"""int32""",0,0,"[""0"",""1""]",1,[]
"""EmailTemplate_Update_Model""",Object,"""""",5,1,[],0,"[""help_text"",""parameters"",""email_template_type"",""subject"",""email_content""]"
"""CommEmailTemplate_Update_Model""",Object,"""""",8,0,[],0,"[""parameters"",""is_Auth_Only"",""id"",""template_Type"",""is_Login_Email"",""template_Name"",""subject"",""email_Content""]"
"""PaymentBatchStatusType""",Integer,"""int32""",0,0,"[""0"",""100"",""200"",""999""]",0,[]
"""UpdateItemModel""",Object,"""""",6,1,[],0,"[""support_item_id"",""support_end_date"",""invoiceItemId"",""support_start_date"",""invoice_Type"",""clientId""]"
"""Staff_Update_Authorise_Record_Model""",Object,"""""",4,1,[],0,"[""date_and_time_authorised"",""authorisation_status"",""invoice_id"",""authorised_by""]"
"""ClientApplication_QueryOrderByType""",Integer,"""int32""",0,0,"[""0"",""1""]",1,[]
"""OCRInvoiceRequestStatusType""",Integer,"""int32""",0,0,"[""0"",""1"",""2"",""-1""]",0,[]
"""ForwardCommEmailModel""",Object,"""""",13,0,[],0,"[""bcc_Recipients"",""clientApplicationId"",""cC_Recipients"",""invoiceId"",""vendorId"",""coordinatorId"",""emailTemplateId"",""recipients"",""attachments"",""clientId"",""subject"",""email_Content"",""commEmailTemplateId""]"
"""Other_Fund_Item""",Object,"""""",5,1,[],0,"[""fund_amount"",""id"",""fund_date"",""fund_type"",""description""]"
"""SystemSupportLimitation_Update_Item""",Object,"""""",3,1,[],0,"[""spend_limit"",""id"",""limit_type""]"
"""EmailMulitUpdateTagModel""",Object,"""""",4,0,[],0,"[""tagList"",""emailIdList"",""isAllEmail"",""isRemove""]"
"""CRMNoteReminderType""",Integer,"""int32""",0,0,"[""0"",""1"",""2"",""3"",""4"",""5""]",0,[]
"""SmsTemplate_Update_Model""",Object,"""""",5,0,[],0,"[""smS_Content"",""id"",""template_Type"",""template_Name"",""subject""]"
"""PhoneContactSourceType""",Integer,"""int32""",0,0,"[""0"",""1""]",1,[]
"""StaffAccount_Update_Details_Model""",Object,"""""",5,2,[],0,"[""credential_level_id"",""status"",""staff_id"",""username"",""role""]"
"""AddLogonHourItemModel""",Object,"""""",4,4,[],0,"[""start_hours"",""end_hours"",""logonHours_setting_type"",""week""]"
"""ClientStatement_QueryOrderByType""",Integer,"""int32""",0,0,"[""0"",""1"",""2""]",0,[]
"""ABNNotAvailableReasonType""",Integer,"""int32""",0,0,"[""0"",""1"",""2"",""3"",""4""]",0,[]
"""VendorType""",Integer,"""int32""",0,0,"[""0"",""1"",""2""]",0,[]
"""FIFO_Invoice_Creation_Log_Model""",Object,"""""",19,2,[],0,"[""errorMsg"",""connectorId"",""end_Datetime"",""reasons"",""created_Time"",""created_By"",""updated_By"",""invoice_Create_Datetime"",""invoice_Id"",""id"",""email_Id"",""creation_Status"",""open_Datetime"",""updated_Time"",""staffId"",""creation_Method"",""is_QuickUpload"",""email_Opener"",""tag_Id""]"
"""CRMNote_QueryOrderByType""",Integer,"""int32""",0,0,"[""0"",""1"",""2"",""3"",""4"",""5"",""6"",""7"",""8"",""9"",""10"",""11""]",0,[]
"""Invoice_ListParameter""",Object,"""""",59,6,[],0,"[""claim_status"",""service_start_date"",""invoice_date"",""staff_id_list"",""date_and_time_submited"",""list_waiting_authorisation_invoices"",""client_id"",""standing_authority_status"",""start_date"",""date_and_time_uploaded_end"",""created_time"",""plan_manager_staff_id"",""last_date_and_time_submitted_for_claim"",""authorisation_status_list"",""page"",""date_and_time_uploaded_start"",""status"",""order_By"",""date_and_time_authorised"",""invoice_total"",""uploaded_by"",""ready_to_be_paid"",""created_by"",""include60days"",""isExport"",""current_user_id"",""updated_by"",""authorisation_status"",""is_has_notes"",""show_only_onhold"",""vendor_id_list"",""vendor_id"",""plan_manager_staff_id_list"",""client_ndis_no"",""has_claim_error"",""client_plan_id"",""id"",""claim_status_list"",""list_all"",""tagIds"",""staff_id"",""onhold_types"",""invoice_number"",""is_deleted"",""client_id_list"",""date_paid"",""keyword"",""variance"",""date_and_time_uploaded"",""updated_time"",""authorised_by"",""creation_method"",""page_size"",""submit_id"",""invoice_number_for_ndis"",""status_list"",""service_end_date"",""notes"",""end_date""]"
"""CRMClientNote_Add_Model""",Object,"""""",16,0,[],0,"[""client_id"",""todoList"",""is_link_to_invoice"",""reminder_staff"",""provider_id"",""content"",""reminder_date"",""append"",""id"",""invoice_id"",""is_link_to_provider"",""is_link_to_sc"",""sc_id"",""isreminder"",""note_id"",""subject""]"
"""TransferPlanManagerModel""",Object,"""""",3,0,[],0,"[""t_Id"",""clientId"",""o_Id""]"
"""Phone_CallHistory_AppendNote""",Object,"""""",2,0,[],0,"[""id"",""note""]"
"""InvoiceItemClaimStatusType""",Integer,"""int32""",0,0,"[""0"",""100"",""200"",""300"",""900"",""-50""]",0,[]
"""PermissionFeatureType""",Integer,"""int32""",0,0,"[""1"",""2"",""3"",""4"",""5"",""6"",""7"",""8"",""9"",""10"",""11"",""12"",""13"",""14"",""15"",""16"",""17"",""18"",""19"",""20"",""21"",""22"",""23"",""24"",""25"",""30"",""99"",""100"",""101"",""201"",""302"",""401"",""402""]",0,[]
"""Update_Personal_Setting_Model""",Object,"""""",3,0,[],0,"[""staff_id"",""tokenActiveExpiredMinutes"",""noActionTokenExpiredMinutes""]"
"""Vendor_Add_Model""",Object,"""""",45,4,[],0,"[""authorised_login_holder_email"",""date_last_checked"",""payment_method"",""auto_create_invoice_from_ai_ocr"",""address_email_contact"",""bank_details_bsb"",""phone"",""address_suburb"",""need_check_bankinfo"",""next_review_date"",""profressional_registration"",""merge_item_for_aiocr"",""bank_details_transfer_reference"",""ndis_provider_no"",""vendor_branch"",""sub_total_as_unit_price"",""vendor_name"",""report_method"",""item_contains_multiple_dates_for_aiocr"",""address_email_for_remittance"",""registration_no"",""bank_details_acc_no"",""stop_submit_only_travel"",""upload_statement_files"",""abn"",""gateway_access"",""registration"",""address_street"",""need_check_duplicated_email"",""vendor_type"",""ndis_is_registered"",""document_for_aiocr_columns"",""authorised_login_holder_position"",""bank_details_account_name"",""do_not_auto_create_if_invoice_has_the_specify_words"",""address_state_id"",""authorised_login_holder_phone"",""authorised_login_holder_name"",""other_registration"",""document_for_aiocr"",""auto_submit_invoice_from_ai_ocr"",""unit_price_based_on_qty_and_subtotal"",""notes"",""use_invoice_date_as_support_date"",""address_postcode""]"
"""CancelInvoiceItemDetailModel""",Object,"""""",11,0,[],0,"[""client_name"",""ndis_no"",""payment_request_number"",""abn"",""client_ndis_no"",""unit_price"",""id"",""quantity"",""ndis_amount"",""link"",""invoice_number_for_ndis""]"
"""Update_Signature_Model""",Object,"""""",1,0,[],0,"[""signature""]"
"""UserLoginResultType""",Integer,"""int32""",0,0,"[""0"",""1"",""2"",""3"",""4""]",0,[]
"""EmailConnector_Update_RuleModel""",Object,"""""",2,0,[],0,"[""items"",""emailConnectorId""]"
"""Save_Split_Model""",Object,"""""",4,0,[],0,"[""is_draft"",""date"",""note"",""cache_id""]"
"""InvoiceQuickUploadStatusType""",Integer,"""int32""",0,0,"[""0"",""1"",""2""]",0,[]
"""Vendor_Invoice_Update_Model""",Object,"""""",6,0,[],0,"[""invoice_date"",""client_id"",""invoice_total"",""client_ndis_no"",""id"",""invoice_number""]"
"""Invoice_QueryOrderByType""",Integer,"""int32""",0,0,"[""0"",""1"",""2"",""3""]",0,[]
"""ClientApplication_Update_Model""",Object,"""""",24,3,[],0,"[""middle_name"",""can_receive_communication"",""register_method"",""phone"",""date_of_birth"",""referral_source"",""address_suburb"",""email"",""special_consideration"",""status"",""ndis_no"",""referral"",""last_name"",""id"",""first_name"",""preferred_name"",""address_street"",""no_address"",""no_email"",""mobile"",""address_state_id"",""notes"",""title_id"",""address_postcode""]"
"""UpdateHighRiskSupportItemModel""",Object,"""""",2,0,[],0,"[""ndiS_Support_Item_Id"",""warning""]"
"""CommandExecuteResult""",Object,"""""",5,1,[],0,"[""resultVal"",""messages"",""success"",""domainModelId"",""errors""]"
"""StaffRoleDefine_Update_Model""",Object,"""""",4,1,[],0,"[""role_name"",""permissions"",""id"",""notes""]"
"""Invoice_Quick_Upload_Status_Model""",Object,"""""",2,1,[],0,"[""status"",""id""]"
"""ClientPlanSupportAreaAmountSpent_QueryOrderByType""",Integer,"""int32""",0,0,"[""0"",""1""]",1,[]
"""CRM_Invoice_Type""",Integer,"""int32""",0,0,"[""0"",""1"",""2"",""3"",""4""]",0,[]
"""QuickTagUpdateItem""",Object,"""""",3,0,[],0,"[""tag_name"",""ids"",""tag_id""]"
"""AIOCRRequestDTO""",Object,"""""",2,0,[],0,"[""suggest"",""id""]"
"""StaffAccount_Update_Password_Model""",Object,"""""",2,0,[],0,"[""staff_id"",""password""]"
"""EmailRule_Add_Model""",Object,"""""",11,2,[],0,"[""emailFolderId"",""ruleName"",""terminateIfMatch"",""emailTemplateId"",""ruleType"",""isAIOCRCriteria"",""move_connector"",""emailStatus"",""emailConnectorIds"",""expressions"",""tagId""]"
"""SupportCoordinatorStatusType""",Integer,"""int32""",0,0,"[""0"",""1"",""2""]",0,[]
"""StandingAuthority_QueryOrderByType""",Integer,"""int32""",0,0,"[""0"",""1"",""2"",""3"",""4"",""5"",""6"",""7"",""8"",""9"",""10""]",0,[]
"""VendorDomainUpdateModel""",Object,"""""",3,0,[],0,"[""domain_name"",""id"",""description""]"
"""Update_Support_Coordinator_Password_Model""",Object,"""""",2,0,[],0,"[""old_password"",""password""]"
"""Vendor_Update_Model""",Object,"""""",40,4,[],0,"[""authorised_login_holder_email"",""date_last_checked"",""payment_method"",""process_payment_individually"",""auto_create_invoice_from_ai_ocr"",""address_email_contact"",""bank_details_bsb"",""phone"",""address_suburb"",""need_check_bankinfo"",""next_review_date"",""profressional_registration"",""merge_item_for_aiocr"",""bank_details_transfer_reference"",""ndis_provider_no"",""vendor_branch"",""vendor_name"",""report_method"",""address_email_for_remittance"",""registration_no"",""bank_details_acc_no"",""abn"",""gateway_access"",""id"",""tagIds"",""registration"",""address_street"",""need_check_duplicated_email"",""vendor_type"",""ndis_is_registered"",""authorised_login_holder_position"",""bank_details_account_name"",""address_state_id"",""authorised_login_holder_phone"",""authorised_login_holder_name"",""other_registration"",""document_for_aiocr"",""auto_submit_invoice_from_ai_ocr"",""notes"",""address_postcode""]"
"""ClientPlan_Add_Model""",Object,"""""",7,0,[],0,"[""claim_Limit"",""client_id"",""ndis_client_plan_id"",""plan_end_date"",""plan_start_date"",""is_manually"",""ndis_price_type_Id""]"
"""EmailConnector_Update_Model""",Object,"""""",16,0,[],0,"[""isShowStandingAuthorityDetails"",""isBulkOCR"",""isAIOCR"",""dailyAutoReplyMaxCount"",""isCreateInvoiceByBody"",""port"",""description"",""userName"",""poP3"",""isShowAuthorizedWindow"",""isCreateInvoiceByAttachment"",""emailConnectorId"",""name"",""password"",""emailAddress"",""isCreateBlankInvoice""]"
"""VendorAttachment_QueryOrderByType""",Integer,"""int32""",0,0,"[""0"",""1""]",1,[]
"""FundTypeEnum""",Integer,"""int32""",0,0,"[""0"",""1"",""2""]",0,[]
"""RemoveTagToInvoiceDTO""",Object,"""""",2,0,[],0,"[""invoiceIds"",""tagIds""]"
"""SystemSupportLimitation_Add_Item""",Object,"""""",4,1,[],0,"[""spend_limit"",""ndis_support_item_id"",""group_id"",""limit_type""]"
"""InvoiceDocument_Add_Model_For_Client""",Object,"""""",3,0,[],0,"[""temp_file_id"",""file_name"",""invoice_id""]"
"""ClientApplication_Plan_Update_Model""",Object,"""""",7,0,[],0,"[""plan_consumables"",""plan_daily_activity"",""plan_transport"",""plan_end_date"",""plan_start_date"",""id"",""plan_participation""]"
"""VendorUploadClaimStatus""",Integer,"""int32""",0,0,"[""0"",""1"",""2""]",0,[]
"""NDISSupportItem_QueryOrderByType""",Integer,"""int32""",0,0,"[""0"",""1"",""2"",""3"",""4""]",0,[]
"""GetCategoryItem""",Object,"""""",17,0,[],0,"[""client_id"",""initial_Amount"",""isDisabled_Participant_Email"",""send_To_Client"",""threshold_Amount"",""id"",""isCheckEmail"",""is_Core_Support_Total"",""support_Item"",""send_To_Support_Coordinator"",""sendTime"",""threshold_Percentage"",""plan_id"",""category_Name"",""send_To_PlanMananger"",""client_Plan_Support_Item_Id"",""isDisabled""]"
"""SendCommEmailAttachment""",Object,"""""",7,0,[],0,"[""title"",""file_Extension_Name"",""file_Size"",""full_Path"",""isQuickUpload"",""file_Path"",""isFromTemp""]"
"""PreferenceCoordinatorEmail_Update_Model""",Object,"""""",10,0,[],0,"[""plan_ending_reminder_90_days"",""standing_authority_ending_reminder_7_day"",""plan_ending_reminder_60_days"",""invoice_authorisation_request"",""plan_ending_reminder_30_days"",""standing_authority_applied"",""id"",""new_standing_authority_created"",""support_coordinator_id"",""invoice_has_been_processed""]"
"""ChartKeyEnum""",Integer,"""int32""",0,0,"[""1"",""2"",""3"",""4"",""5"",""6"",""7"",""8"",""9"",""10"",""11"",""12"",""13"",""14"",""15"",""16"",""17"",""18"",""19"",""20"",""21"",""22"",""23"",""24"",""25"",""26"",""27"",""28"",""29"",""31"",""32"",""33"",""34"",""35"",""36"",""37""]",0,[]
"""User_PasswordReset_Model""",Object,"""""",1,0,[],0,"[""email""]"
"""ListModel""",Object,"""""",8,2,[],0,"[""received_Date"",""amount"",""fund_No"",""id"",""reconciliationId"",""fund_Type"",""description"",""fund_Source_Type""]"
"""SupportCoordinator_Update_Model""",Object,"""""",8,0,[],0,"[""address_office"",""contact_number"",""email"",""last_name"",""id"",""first_name"",""notes"",""title_id""]"
"""IpAccessType""",Integer,"""int32""",0,0,"[""0"",""1"",""2""]",0,[]
"""UpdateFeeField""",Object,"""""",3,0,[],0,"[""fieldName"",""invoice_id"",""value""]"
"""CRMNoteHistory_Update_Model""",Object,"""""",5,0,[],0,"[""note_appendedcontent"",""id"",""staff_id"",""note_updatedcontent"",""note_id""]"
"""SupportCoordinator_User_Update_Account_Model""",Object,"""""",2,1,[],0,"[""registeredWay"",""id""]"
"""ClientContact_Update_Model""",Object,"""""",12,0,[],0,"[""client_id"",""contact_number"",""other_relationship"",""invoice_authorisor"",""email"",""last_name"",""id"",""level"",""first_name"",""relationship_id"",""notes"",""title_id""]"
"""Phone_CallHistory_QueryOrderByType""",Integer,"""int32""",0,0,"[""0"",""1"",""2""]",0,[]
"""AddARandomInvoice_Model""",Object,"""""",2,0,[],0,"[""payment_batch_name"",""id""]"
"""DetailsAndClaimModelForFA""",Object,"""""",2,1,[],0,"[""invoice_item_List"",""invoice_item""]"
"""ClientRegisterMethodType""",Integer,"""int32""",0,0,"[""0"",""1"",""2""]",0,[]
"""ApplyRefundType""",Integer,"""int32""",0,0,"[""0"",""1""]",1,[]
"""ProxyLoginModel""",Object,"""""",1,0,[],0,"[""agent_to_user_id""]"
"""Invoice_Transfer_Model""",Object,"""""",3,0,[],0,"[""client_id"",""requestNumbers"",""id""]"
"""AdminFeeItem_BulkUpdateModel""",Object,"""""",5,0,[],0,"[""support_end_date"",""support_start_date"",""updateItemList"",""unit_price"",""quantity""]"
"""BulkPhone_VoiceMail_AppendNoteAndTag""",Object,"""""",2,0,[],0,"[""tag_ids"",""ids""]"
"""ErrorCode""",Integer,"""int32""",0,0,"[""0"",""1000001"",""1001001"",""1001002"",""1001010"",""1001020"",""1002000"",""1002001"",""1002002"",""1002003"",""1002004"",""1002005"",""1002011"",""1002012"",""1002013"",""1002014"",""1003001"",""1003002"",""1003010"",""1003020"",""2001001"",""2001002"",""2001003"",""2001901"",""2001902"",""2001903"",""2001904"",""2001905"",""2001906"",""2001907"",""2001908"",""2002001"",""2002002"",""2002003"",""3003001"",""9999901"",""9999902""]",0,[]
"""ClientContactRelationshipType_Add_Model""",Object,"""""",3,0,[],0,"[""full_name"",""sort_code"",""short_name""]"
"""NDIS_AddItemForAllPriceGuide_Model""",Object,"""""",6,2,[],0,"[""price_list"",""effective_start_date"",""quote"",""ndis_support_item_id"",""effective_end_date"",""unit_of_measure""]"
"""MatchCondition""",Integer,"""int32""",0,0,"[""0"",""1""]",1,[]
"""CRMNote_Transfer_Reminders_Model""",Object,"""""",4,0,[],0,"[""isFromGroup"",""staff_id"",""new_staff_id"",""crm_note_reminder_ids""]"
"""PreferenceParticipantEmail_Add_Model""",Object,"""""",9,0,[],0,"[""client_id"",""plan_ending_reminder_90_days"",""standing_authority_ending_reminder_7_day"",""plan_ending_reminder_60_days"",""invoice_authorisation_request"",""plan_ending_reminder_30_days"",""standing_authority_applied"",""new_standing_authority_created"",""invoice_has_been_processed""]"
"""SupportCoordinator_Add_Model""",Object,"""""",7,0,[],0,"[""address_office"",""contact_number"",""email"",""last_name"",""first_name"",""notes"",""title_id""]"
"""ChartTemplate_Add_Model""",Object,"""""",3,0,[],0,"[""chart_template_name"",""charts"",""description""]"
"""ClientStatusType""",Integer,"""int32""",0,0,"[""0"",""1""]",1,[]
"""Invoice_UpdateOnSubmitPage_Model""",Object,"""""",4,0,[],0,"[""invoice_date"",""items"",""invoice_id"",""invoice_number""]"
"""Process_Split_Model""",Object,"""""",3,0,[],0,"[""is_draft"",""item"",""cache_id""]"
"""FundingAdjustmentModel""",Object,"""""",4,2,[],0,"[""claim"",""isFromCacheOrPreviousResult"",""detalis"",""showExpriedInfo""]"
"""Staff_Update_Signature""",Object,"""""",2,0,[],0,"[""id"",""signature""]"
"""Auth_Reminder_Manully_Send_Model""",Object,"""""",1,0,[],0,"[""invoice_id""]"
"""EmailBulkChangeStatusModel""",Object,"""""",2,1,[],0,"[""emailIdList"",""emailStatus""]"
"""EmailBulkChangeTypeModel""",Object,"""""",3,0,[],0,"[""emailType"",""emailIdList"",""typeName""]"
"""UserLoginLog_QueryOrderByType""",Integer,"""int32""",0,0,"[""0"",""1""]",1,[]
"""Invoice_Quick_Upload_Model""",Object,"""""",3,0,[],0,"[""file_size"",""file_name"",""file_path""]"
"""InvoiceAuthReminderType""",Integer,"""int32""",0,0,"[""0"",""100"",""200"",""300"",""400""]",0,[]
"""StandingAuthorityStatusType""",Integer,"""int32""",0,0,"[""0"",""1""]",1,[]
"""Tag_Update_Model""",Object,"""""",8,0,[],0,"[""linkVoiceMail"",""description"",""tag_Name"",""is_Active"",""emailConnectorIds"",""staffId"",""color"",""tag_Id""]"
"""AddCrmnoteAndHoldInvoice_Model""",Object,"""""",2,0,[],0,"[""info"",""invoice_id""]"
"""PaymentBatch_Confirm_Payment_Creditor_Model""",Object,"""""",2,0,[],0,"[""reference"",""payment_batch_creditor_id""]"
"""ClientOnHoldVendorMappingDTO""",Object,"""""",3,0,[],0,"[""client_Id"",""vendor_Id"",""notes""]"
"""EmailRule_Update_Model""",Object,"""""",12,2,[],0,"[""emailFolderId"",""ruleName"",""terminateIfMatch"",""emailTemplateId"",""ruleType"",""emailRuleId"",""isAIOCRCriteria"",""move_connector"",""emailStatus"",""emailConnectorIds"",""expressions"",""tagId""]"
"""StandingAuthority_Add_Model""",Object,"""""",11,1,[],0,"[""client_id"",""start_date"",""status"",""vendor_id"",""email_id"",""authorised_time"",""limit_amount"",""emailconnector_id"",""authorised_by"",""notes"",""end_date""]"
"""Claim_QueryOrderByType""",Integer,"""int32""",0,0,"[""0"",""1""]",1,[]
"""PreferenceAgentEmail_Add_Model""",Object,"""""",9,0,[],0,"[""client_Id"",""plan_ending_reminder_90_days"",""standing_authority_ending_reminder_7_day"",""plan_ending_reminder_60_days"",""invoice_authorisation_request"",""plan_ending_reminder_30_days"",""standing_authority_applied"",""new_standing_authority_created"",""invoice_has_been_processed""]"
"""ChangeVendorDTO""",Object,"""""",2,0,[],0,"[""vendorId"",""tagIds""]"
"""MoveEmailModel""",Object,"""""",2,0,[],0,"[""emailIds"",""emailFolderId""]"
"""RegisteredType""",Integer,"""int32""",0,0,"[""0"",""1"",""2""]",0,[]
"""AssignToModel""",Object,"""""",5,1,[],0,"[""amount"",""invoiceNo"",""id"",""refundType"",""invoiceItemNo""]"
"""Phone_Add_Model""",Object,"""""",4,0,[],0,"[""contact_Name"",""note"",""phone_Number"",""title_Id""]"
"""Vendor_User_Create_Account_Model""",Object,"""""",4,1,[],0,"[""status"",""vendor_id"",""username"",""password""]"
"""EmailStatus""",Integer,"""int32""",0,0,"[""0"",""1"",""2""]",0,[]
"""RuleExpressionViewModel""",Object,"""""",4,3,[],0,"[""condition"",""valueList"",""field"",""operator""]"
"""StaffRoleDefine_QueryOrderByType""",Integer,"""int32""",0,0,"[""0"",""1""]",1,[]
"""ClientPlanManagementType""",Integer,"""int32""",0,0,"[""0"",""1"",""2""]",0,[]
"""InvoiceQuickUploadSearchType""",Integer,"""int32""",0,0,"[""0"",""1"",""2""]",0,[]
"""StandingAuthority_Update_Model""",Object,"""""",10,0,[],0,"[""client_id"",""start_date"",""vendor_id"",""id"",""authorised_time"",""limit_amount"",""appendNotes"",""authorised_by"",""notes"",""end_date""]"
"""InvoiceTypeEnum""",Integer,"""int32""",0,0,"[""0"",""1"",""2"",""3""]",0,[]
"""AddGlobalLogonHoursModel""",Object,"""""",2,0,[],0,"[""items"",""name""]"
"""Email_Update_Tags""",Object,"""""",4,0,[],0,"[""tagList"",""logMsg"",""is_System"",""emailId""]"
"""ClientPlan_Update_Model""",Object,"""""",7,1,[],0,"[""claim_Limit"",""client_id"",""todoButtonType"",""plan_end_date"",""plan_start_date"",""id"",""ndis_price_type_Id""]"
"""ClientPlanSupportLimitation_Add_Item""",Object,"""""",6,1,[],0,"[""spend_limit"",""ndis_support_item_id"",""client_plan_support_area_id"",""client_plan_id"",""group_id"",""limit_type""]"
"""PreferenceCoordinatorEmail_QueryOrderByType""",Integer,"""int32""",0,0,"[""0"",""1""]",1,[]
"""Invoice_item_Ocr_Add_Model""",Object,"""""",9,0,[],0,"[""support_end_date"",""support_start_date"",""ndis_support_item_id"",""unit_price"",""gst"",""quantity"",""support_end_date_converted"",""subtotal"",""support_start_date_converted""]"
"""ClientApplicationContact_QueryOrderByType""",Integer,"""int32""",0,0,"[""0"",""1""]",1,[]
"""ClientPlanSupportLimitation_Add_Group""",Object,"""""",4,1,[],0,"[""spend_limit"",""group_name"",""client_plan_id"",""limit_type""]"
"""SystemSupportLimitation_Update_Group""",Object,"""""",6,1,[],0,"[""ndis_support_items"",""spend_limit"",""apply_to_all"",""group_name"",""id"",""limit_type""]"
"""Recipient""",Object,"""""",4,1,[],0,"[""email"",""id"",""name"",""type""]"
"""EmailConnector_Update_Status_Model""",Object,"""""",2,1,[],0,"[""email_Connector_Id"",""status""]"
"""SupportCoordinatorJoinClient_Add_Model""",Object,"""""",7,0,[],0,"[""client_id"",""otherrelationship"",""isInvoiceAuthorisor"",""authorised_date"",""isLinkParticipant"",""relationship_id"",""support_coordinator_id""]"
"""Vendor_Invoice_Add_Model""",Object,"""""",6,0,[],0,"[""invoice_date"",""temp_file_id"",""invoice_total"",""file_name"",""client_ndis_no"",""invoice_number""]"
"""Staff_QueryOrderByType""",Integer,"""int32""",0,0,"[""0"",""1"",""2"",""3"",""4"",""5"",""6"",""8"",""9""]",0,[]
"""Client_QueryOrderByType""",Integer,"""int32""",0,0,"[""0"",""1"",""2"",""3"",""1001"",""1002"",""1003"",""1004"",""1005"",""1006"",""1007""]",0,[]
"""Update_Avatar_Model""",Object,"""""",1,0,[],0,"[""avatar""]"
"""SmsRecipient""",Object,"""""",4,1,[],0,"[""id"",""name"",""sms"",""type""]"
"""SupportCoordinator_QueryOrderByType""",Integer,"""int32""",0,0,"[""0"",""1"",""2""]",0,[]
"""StaffRoleType""",Integer,"""int32""",0,0,"[""0"",""99""]",0,[]
"""InvoiceTurnRoundReportTypeEnum""",Integer,"""int32""",0,0,"[""0"",""1"",""2""]",0,[]
"""Client_Invoice_Add_Model""",Object,"""""",6,0,[],0,"[""invoice_date"",""temp_file_id"",""invoice_total"",""file_name"",""vendor_id"",""invoice_number""]"
"""StaffRole_Permission_Feature_Action""",Object,"""""",2,1,[],0,"[""action"",""have_permission""]"
"""OnePriceStateAddModel""",Object,"""""",6,1,[],0,"[""price_control"",""isValid"",""need_add"",""price_guide_id"",""price"",""price_val""]"
"""ClaimLimitType""",Integer,"""int32""",0,0,"[""0"",""1""]",1,[]
"""CreationStatusType""",Integer,"""int32""",0,0,"[""0"",""1"",""200""]",0,[]
"""PaymentBatchItem""",Object,"""""",2,0,[],0,"[""payment_confirmed_date"",""payment_batch_Id""]"
"""ClientPlanSupportLimitation_Update_Group""",Object,"""""",7,1,[],0,"[""ndis_support_items"",""spend_limit"",""is_system"",""group_name"",""client_plan_id"",""id"",""limit_type""]"
"""SendCommEmailModel""",Object,"""""",14,0,[],0,"[""bcc_Recipients"",""clientApplicationId"",""cC_Recipients"",""invoiceId"",""vendorId"",""coordinatorId"",""needSendAttachFile"",""recipients"",""attachments"",""clientId"",""reply_to_recipients"",""subject"",""email_Content"",""commEmailTemplateId""]"
"""UntoClientDTO""",Object,"""""",2,0,[],0,"[""tagIds"",""client""]"
"""Vendor_User_Update_Account_Password_Model""",Object,"""""",3,0,[],0,"[""old_password"",""vendor_id"",""password""]"
"""TimeSpan""",Object,"""""",11,0,[],0,"[""totalSeconds"",""totalMinutes"",""totalHours"",""seconds"",""minutes"",""hours"",""milliseconds"",""totalDays"",""totalMilliseconds"",""days"",""ticks""]"
"""VendorRegistration""",Integer,"""int32""",0,0,"[""0"",""-1""]",0,[]
"""EmailConnectorStatus""",Integer,"""int32""",0,0,"[""0"",""-1""]",0,[]
"""Client_Add_Model""",Object,"""""",30,3,[],0,"[""middle_name"",""can_receive_communication"",""register_method"",""phone"",""plan_manager_staff_id"",""date_of_birth"",""referral_source"",""address_suburb"",""email"",""status"",""sendby_email"",""ndis_no"",""referral"",""last_name"",""sendby_mailout"",""state_id"",""exclude_auto_submit_invoice_from_ai_ocr"",""exclude_auto_create_invoice_from_ai_ocr"",""first_name"",""preferred_name"",""address_street"",""other_family_members_with_mp"",""no_address"",""no_email"",""mobile"",""mandatory_2nd_check"",""address_state_id"",""notes"",""title_id"",""address_postcode""]"
"""EmailTemplateType""",Integer,"""int32""",0,0,"[""20101"",""20102"",""30101"",""30102"",""30103"",""30104"",""30201"",""30202"",""30301"",""30401"",""30402"",""30403"",""39901"",""39902"",""40101"",""40201"",""40202"",""40301"",""40401"",""49901"",""50101"",""50102"",""50103"",""50201"",""50202"",""50203"",""60101"",""60201"",""70000"",""80000"",""90000"",""90001"",""90002"",""90003"",""90004"",""90005""]",0,[]
"""Vendor_Update_AI_OCR_Settings_Model""",Object,"""""",13,0,[],0,"[""auto_create_invoice_from_ai_ocr"",""merge_item_for_aiocr"",""sub_total_as_unit_price"",""item_contains_multiple_dates_for_aiocr"",""stop_submit_only_travel"",""id"",""ignore_invoice_number_checking_from_aiocr"",""document_for_aiocr_columns"",""do_not_auto_create_if_invoice_has_the_specify_words"",""document_for_aiocr"",""auto_submit_invoice_from_ai_ocr"",""unit_price_based_on_qty_and_subtotal"",""use_invoice_date_as_support_date""]"
"""EmailConnector_Add_Model""",Object,"""""",14,0,[],0,"[""isShowStandingAuthorityDetails"",""isBulkOCR"",""isAIOCR"",""dailyAutoReplyMaxCount"",""isCreateInvoiceByBody"",""port"",""description"",""userName"",""poP3"",""isShowAuthorizedWindow"",""isCreateInvoiceByAttachment"",""name"",""password"",""emailAddress""]"
"""PreferenceParticipantEmail_Update_Model""",Object,"""""",10,0,[],0,"[""client_id"",""plan_ending_reminder_90_days"",""standing_authority_ending_reminder_7_day"",""plan_ending_reminder_60_days"",""invoice_authorisation_request"",""plan_ending_reminder_30_days"",""standing_authority_applied"",""id"",""new_standing_authority_created"",""invoice_has_been_processed""]"
"""PaymentBatchCreditor_QueryOrderByType""",Integer,"""int32""",0,0,"[""0"",""1"",""2""]",0,[]
"""UnbindSuspenseItemModel""",Object,"""""",1,0,[],0,"[""groupId""]"
"""InvoiceItemStatusType""",Integer,"""int32""",0,0,"[""0"",""100"",""200"",""300"",""-50""]",0,[]
"""ClientPlanSupportArea_Update_Model""",Object,"""""",14,3,[],0,"[""claim_limit"",""ndis_support_area_name"",""initial_amount"",""apply_claim_limit"",""budget_type"",""ndis_support_item_id"",""mark_quoterequired"",""client_plan_id"",""id"",""claim_limit_type"",""amount_spent"",""management_type"",""notes"",""ndis_support_area_id""]"
"""Update_Vendor_Password_Model""",Object,"""""",2,0,[],0,"[""old_password"",""password""]"
"""ChartTemplate_Update_Model""",Object,"""""",4,0,[],0,"[""chart_template_name"",""items"",""id"",""description""]"
"""NDISSupportItemQuoteType""",Integer,"""int32""",0,0,"[""0"",""1""]",1,[]
"""UntoTagToInvoiceDTO""",Object,"""""",1,0,[],0,"[""invoiceList""]"
"""Client_Invoice_Update_Model""",Object,"""""",5,0,[],0,"[""invoice_date"",""invoice_total"",""vendor_id"",""id"",""invoice_number""]"
"""SupportCoordinator_User_Create_Account_Model""",Object,"""""",4,1,[],0,"[""status"",""username"",""support_coordinator_id"",""password""]"
"""MatchOperator""",Integer,"""int32""",0,0,"[""0"",""1"",""2"",""3"",""4"",""5""]",0,[]
"""StandingAuthority_From_Email_Update_Model""",Object,"""""",14,0,[],0,"[""receivedDate"",""client_id"",""email_connector_id"",""start_date"",""vendor_id"",""id"",""authorised_time"",""emailId"",""limit_amount"",""from_address"",""appendNotes"",""authorised_by"",""notes"",""end_date""]"
"""Job_Title_Update_Model""",Object,"""""",2,0,[],0,"[""titleId"",""titleName""]"
"""Staff_Update_Model""",Object,"""""",19,1,[],0,"[""suburb"",""postcode"",""mark_email_attachment_setting"",""phone"",""street"",""group_ids"",""chart_template_id"",""email"",""avatar"",""status"",""phone_agent"",""last_name"",""id"",""state_id"",""first_name"",""team_ids"",""staff_title"",""phone_queue_arn"",""notes""]"
"""CRMNoteTodoItemStatus""",Integer,"""int32""",0,0,"[""0"",""1""]",1,[]
"""Email_Update_Status""",Object,"""""",4,1,[],0,"[""logMsg"",""is_System"",""emailId"",""emailStatus""]"
"""Client_User_Update_Account_Details_Model""",Object,"""""",3,1,[],0,"[""client_id"",""status"",""username""]"
"""Fund_QueryOrderByType""",Integer,"""int32""",0,0,"[""0"",""1""]",1,[]
"""CRMApplicantNote_Add_Model""",Object,"""""",10,0,[],0,"[""todoList"",""reminder_staff"",""content"",""reminder_date"",""append"",""id"",""applicant_id"",""isreminder"",""note_id"",""subject""]"
"""ClientApplicationContact_Update_Model""",Object,"""""",12,0,[],0,"[""contact_number"",""other_relationship"",""invoice_authorisor"",""email"",""last_name"",""id"",""first_name"",""relationship_id"",""is_deleted"",""application_id"",""notes"",""title_id""]"
"""NEmailTemplate_Add_Model""",Object,"""""",3,0,[],0,"[""body"",""name"",""subject""]"
"""Phone_VoiceMail_QueryOrderByType""",Integer,"""int32""",0,0,"[""0"",""1"",""2""]",0,[]
"""AIOCRSpecialRules_Add_Model""",Object,"""""",5,0,[],0,"[""ruleKeys"",""id"",""is_Deleted"",""priority"",""ruleValues""]"
"""ClaimStatusType""",Integer,"""int32""",0,0,"[""0"",""200"",""300"",""400"",""500""]",0,[]
"""AdminFee_Invoice_ListParameter""",Object,"""""",34,4,[],0,"[""claim_status"",""staff_id_list"",""date_and_time_submited"",""client_id"",""start_date"",""created_time"",""isCheckAdminFee"",""paid_date_to"",""paid_date_from"",""page"",""status"",""order_by"",""created_by"",""order_desc"",""include60days"",""current_user_id"",""err_msg"",""is_has_notes"",""support_item_no"",""client_ndis_no"",""id"",""claim_status_list"",""list_all"",""staff_id"",""invoice_number"",""is_deleted"",""client_id_list"",""invoice_type"",""exclude0total"",""date_and_time_uploaded"",""page_size"",""invoice_number_for_ndis"",""status_list"",""end_date""]"
"""BusinessError""",Object,"""""",4,1,[],0,"[""showPopWindow"",""id"",""errorCode"",""message""]"
"""CRMNoteReminder_Add_Model""",Object,"""""",6,2,[],0,"[""source_type"",""reminder_date"",""staff_id"",""reminder_type"",""source_id"",""note_id""]"
"""CRMClientNote_QueryOrderByType""",Integer,"""int32""",0,0,"[""0"",""1"",""2""]",0,[]
"""UpdateGlobalSettingModel""",Object,"""""",1,0,[],0,"[""value""]"
"""Group_QueryOrderByType""",Integer,"""int32""",0,0,"[""0"",""1"",""2""]",0,[]
"""Chart_Add_Model""",Object,"""""",2,1,[],0,"[""chart_key"",""sort_order""]"
"""HighRiskSupportItem_QueryOrderByType""",Integer,"""int32""",0,0,"[""0""]",0,[]
"""UpdateGlobalLogonHoursModel""",Object,"""""",3,0,[],0,"[""items"",""id"",""name""]"
"""VendorSupportItemNumberConversion_Submit_Model""",Object,"""""",2,0,[],0,"[""supportNumberItems"",""vendorId""]"
"""ValidateStaffCodeModel""",Object,"""""",3,0,[],0,"[""password"",""staffId"",""code""]"
"""Invoice_QuickUpload_UpdateTagsMul_Model""",Object,"""""",3,0,[],0,"[""is_remove"",""tag_list"",""ids""]"
"""CancellationInvoiceItem""",Object,"""""",3,0,[],0,"[""claim_item_result_id"",""invoice_item_id"",""create_time""]"
"""PhoneCallHistoryActionStatus""",Integer,"""int32""",0,0,"[""0"",""1""]",1,[]
"""RuleItemUpdateModel""",Object,"""""",2,0,[],0,"[""emailRuleId"",""order""]"
"""DayOfWeek""",Integer,"""int32""",0,0,"[""0"",""1"",""2"",""3"",""4"",""5"",""6""]",0,[]
"""UntoTagToVendorDTO""",Object,"""""",1,0,[],0,"[""vendorList""]"
"""AdminFee_Invoice_QueryOrderByType""",Integer,"""int32""",0,0,"[""0"",""1"",""2"",""3"",""4"",""5"",""6"",""7"",""8"",""9"",""10"",""11"",""12"",""13""]",0,[]
"""Phone_Update_Model""",Object,"""""",5,0,[],0,"[""contact_Name"",""id"",""note"",""phone_Number"",""title_Id""]"
"""InvoiceOnHoldStatusType""",Integer,"""int32""",0,0,"[""0"",""1"",""2"",""3"",""4""]",0,[]
"""InvoiceItem_QueryOrderByType""",Integer,"""int32""",0,0,"[""0"",""1""]",1,[]
"""ClientApplication_Add_Model""",Object,"""""",21,2,[],0,"[""middle_name"",""can_receive_communication"",""register_method"",""phone"",""date_of_birth"",""referral_source"",""address_suburb"",""email"",""ndis_no"",""referral"",""last_name"",""first_name"",""preferred_name"",""address_street"",""no_address"",""no_email"",""mobile"",""address_state_id"",""notes"",""title_id"",""address_postcode""]"
"""UntoInvoiceDTO""",Object,"""""",2,0,[],0,"[""invoice"",""tagIds""]"
"""DashbordSection""",Integer,"""int32""",0,0,"[""0"",""1"",""2"",""3""]",0,[]
"""AssignTagToInvoiceDTO""",Object,"""""",2,0,[],0,"[""invoiceIds"",""tagIds""]"
"""CRMNoteHistory_QueryOrderByType""",Integer,"""int32""",0,0,"[""0"",""1""]",1,[]
"""NDIS_UpdateItemForAllPriceGuide_Model""",Object,"""""",4,0,[],0,"[""price_list"",""effective_start_date"",""price_guide_effective_id"",""effective_end_date""]"
"""PreferenceCoordinatorEmail_Add_Model""",Object,"""""",11,0,[],0,"[""client_Id"",""plan_ending_reminder_90_days"",""standing_authority_ending_reminder_7_day"",""plan_ending_reminder_60_days"",""invoice_authorisation_request"",""plan_ending_reminder_30_days"",""standing_authority_applied"",""new_standing_authority_created"",""monthly_statement"",""support_coordinator_id"",""invoice_has_been_processed""]"
"""AIOCRSpecialRules_Submit_Model""",Object,"""""",1,0,[],0,"[""specialRules""]"
"""InvoiceItem_Add_Model""",Object,"""""",7,0,[],0,"[""support_end_date"",""support_start_date"",""ndis_support_item_id"",""unit_price"",""gst"",""invoice_id"",""quantity""]"
"""RemittanceUpload_Model""",Object,"""""",7,0,[],0,"[""title"",""file_extension_name"",""file_size"",""file_path"",""id"",""reconciliationId"",""claim_amount""]"
"""MatchField""",Integer,"""int32""",0,0,"[""0"",""1"",""2"",""3""]",0,[]
"""InvoiceAuthorisationStatusType""",Integer,"""int32""",0,0,"[""0"",""100"",""200""]",0,[]
"""TagStatusType""",Integer,"""int32""",0,0,"[""0"",""1""]",1,[]
"""DeactivateClientModel""",Object,"""""",1,0,[],0,"[""reason""]"
"""CRMNoteAttachment_QueryOrderByType""",Integer,"""int32""",0,0,"[""0"",""1""]",1,[]
"""ValidateUserCodeModel""",Object,"""""",3,0,[],0,"[""userId"",""password"",""code""]"
"""Vendor_UpdateByVendor_Model""",Object,"""""",18,1,[],0,"[""payment_method"",""address_email_contact"",""bank_details_bsb"",""phone"",""address_suburb"",""vendor_name"",""address_email_for_remittance"",""bank_details_acc_no"",""abn"",""id"",""address_street"",""authorised_login_holder_position"",""bank_details_account_name"",""address_state_id"",""authorised_login_holder_phone"",""authorised_login_holder_name"",""notes"",""address_postcode""]"
"""DeatilsModelForFundingAdjustment""",Object,"""""",59,8,[],0,"[""claim_status"",""invoice_status"",""client_is_onhold"",""client_id"",""support_area_id"",""client_name"",""vendor_no"",""created_time"",""paid_total_amount_from_ndis"",""vendor_status"",""support_end_date"",""last_date_submitted_for_claim"",""total_for_ndis"",""can_edit"",""quantity_for_ndis"",""new_client_plan_support_area_id"",""invoice_items_total"",""claim_status_name"",""status"",""vendor_name"",""ndis_no"",""created_by"",""payment_date"",""updated_by"",""pay_for_vendor"",""support_start_date"",""unit_price_from_ndis"",""is_invoice_deleted"",""ndis_support_item_id"",""invoice_authorisatin_status"",""error_message"",""client_status"",""total"",""vendor_id"",""payment_request_number"",""abn"",""unit_price"",""client_plan_id"",""gst"",""id"",""invoice_id"",""ndis_support_item_number"",""is_admin_fee_item"",""quantity"",""unit_price_for_ndis"",""invoice_number"",""is_deleted"",""vendor_type"",""invoice_is_onhold"",""ndis_support_item"",""vendor_is_onhold"",""payment_batch_item_id"",""updated_time"",""quantity_from_ndis"",""invoice_claim_status"",""invoice_status_name"",""invoice_number_for_ndis"",""status_name"",""gst_for_ndis""]"
"""UpdateTeam""",Object,"""""",3,0,[],0,"[""staff_ids"",""id"",""teamName""]"
"""StaffAccount_Update_Model""",Object,"""""",6,2,[],0,"[""credential_level_id"",""status"",""staff_id"",""username"",""password"",""role""]"
"""ClientContact_Add_Model""",Object,"""""",11,0,[],0,"[""client_id"",""contact_number"",""other_relationship"",""invoice_authorisor"",""email"",""last_name"",""level"",""first_name"",""relationship_id"",""notes"",""title_id""]"
